{
    "mean_val": 13.01360103626943,
    "max_val": 4.98639896373057
}