{
    "mean_val": 14.156521739130435,
    "max_val": 5.843478260869565
}