{
    "mean_val": 13.014285714285714,
    "max_val": 4.985714285714286
}