{
    "mean_val": 13.234756097560975,
    "max_val": 4.765243902439025
}